Popularity_index2,Menciones,Name,Mail,Photo
60,16,Aniqa Gough,Aniqa_Gough@gmail.com,https://images.generated.photos/FspTZjANLrD5j9dAz8EP_eI0_7Af-TVwrX2GglGcaXo/rs:fit:512:512/Z3M6Ly9nZW5lcmF0/ZWQtcGhvdG9zL3Yz/XzA1NTk3NzQuanBn.jpg
49,8,Ewen Oneal,Ewen_Oneal@hotmail.com,https://images.generated.photos/u4DX12H5S-o6mHKwqgb-McKFXGD_K0E_y8dsGRfXgag/rs:fit:512:512/Z3M6Ly9nZW5lcmF0/ZWQtcGhvdG9zL3Yz/XzAxNzk3MjEuanBn.jpg
51,12,Frances Holland,Frances_Holland@yahoo.com,https://images.generated.photos/5HIa4RhwqXQnwZFOF2Nq9fxUwz6vYAxgk_5azjStnxg/rs:fit:512:512/Z3M6Ly9nZW5lcmF0/ZWQtcGhvdG9zL3Yz/XzA4MTkyNzUuanBn.jpg
55,20,Perry Richards,Perry_Richards@gmail.com,https://images.generated.photos/rvQt4Od0jSGSL56H20TWJHOUYDYsiw1LsK6vOTpoczY/rs:fit:512:512/Z3M6Ly9nZW5lcmF0/ZWQtcGhvdG9zL3Yz/XzA5OTIxMTUuanBn.jpg
43,8,Torin Hume,Torin_Hume@hotmail.com,https://images.generated.photos/Z4qVGAjXcFKc1wlnlI9I0FqzmbU0YMlwK42FcmcsEyo/rs:fit:512:512/Z3M6Ly9nZW5lcmF0/ZWQtcGhvdG9zL3Yz/XzA0NzE2MzkuanBn.jpg
38,6,Maureen Church,Maureen_Church@yahoo.com,https://images.generated.photos/BMgCFx_Kax1ntCRBOVQ1HTFHzI01tkwO7GCwIsC9aW8/rs:fit:512:512/Z3M6Ly9nZW5lcmF0/ZWQtcGhvdG9zL3Yz/XzAxNjk4NzcuanBn.jpg
51,12,Kishan Rosa,Kishan_Rosa@gmail.com,https://images.generated.photos/dImmzScqAalv7N_B66mbEy6_KndIhKMwIpUWYP0CKFc/rs:fit:512:512/Z3M6Ly9nZW5lcmF0/ZWQtcGhvdG9zL3Yz/XzA4NDYwOTAuanBn.jpg
50,12,Bayley Connelly,Bayley_Connelly@hotmail.com,https://images.generated.photos/gbYNah3-B9lZUNf9fiMQj66aYM4jPjrXmN8g5hMunEg/rs:fit:512:512/Z3M6Ly9nZW5lcmF0/ZWQtcGhvdG9zL3Yz/XzA2NTczNTUuanBn.jpg
47,8,Nick Wheeler,Nick_Wheeler@yahoo.com,https://images.generated.photos/Yex-2TnCQrnS7x6GYQ8ThoWjaQjCHyPAfPYEdH07zDQ/rs:fit:512:512/Z3M6Ly9nZW5lcmF0/ZWQtcGhvdG9zL3Yz/XzA2ODMxOTAuanBn.jpg
47,12,Isaak Beech,Isaak_Beech@gmail.com,https://images.generated.photos/GrmM5GzPEYDNAiGCUfiWnzdcBwxt-V6Ct15nL72ArIs/rs:fit:512:512/Z3M6Ly9nZW5lcmF0/ZWQtcGhvdG9zL3Yz/XzA5NTk2MjMuanBn.jpg
38,4,Paddy Ball,Paddy_Ball@hotmail.com,https://images.generated.photos/3_QDOxTzPRanvGNmvOP2DTpI9ZkUd93Ol1Gx-vkskbI/rs:fit:512:512/Z3M6Ly9nZW5lcmF0/ZWQtcGhvdG9zL3Yz/XzA1Nzg3MjAuanBn.jpg
46,10,Lynda Hess,Lynda_Hess@yahoo.com,https://images.generated.photos/mbqYWdeGJNpUxEzRXYcK0McYIjVi79gyZJwxsst-HSs/rs:fit:512:512/Z3M6Ly9nZW5lcmF0/ZWQtcGhvdG9zL3Yz/XzA5OTk4NjUuanBn.jpg
45,6,Joanne Sparrow,Joanne_Sparrow@gmail.com,https://images.generated.photos/zr9ehJQDGL8fAjWMpFfPF0xXBmTQZj7LLjGnRCwcYDk/rs:fit:512:512/Z3M6Ly9nZW5lcmF0/ZWQtcGhvdG9zL3Yz/XzA2MDA0NjYuanBn.jpg
48,8,Noa Wolf,Noa_Wolf@hotmail.com,https://images.generated.photos/U3NnSH8mz-b_JrDADVGoGHNeA-xxCCZW02G73851DmA/rs:fit:512:512/Z3M6Ly9nZW5lcmF0/ZWQtcGhvdG9zL3Yz/XzAwNzU3ODguanBn.jpg
48,10,Kobi Lowery,Kobi_Lowery@yahoo.com,https://images.generated.photos/ZAo5d9Y9sNKWpHn36CZabkPqPl2yiN0rlTedv5J28_0/rs:fit:512:512/Z3M6Ly9nZW5lcmF0/ZWQtcGhvdG9zL3Yz/XzAyMDkyMTQuanBn.jpg
36,8,Keiren Farrow,Keiren_Farrow@gmail.com,https://images.generated.photos/Rmc_hCbdAswI7pXcNju03pZedXztdwLVnY4UVblGTjM/rs:fit:512:512/Z3M6Ly9nZW5lcmF0/ZWQtcGhvdG9zL3Yz/XzAwMDQwMjMuanBn.jpg
45,10,Nansi Fuentes,Nansi_Fuentes@hotmail.com,https://images.generated.photos/R8_v5M8pgd_NpU2Cylsox_CjZWV7hzki1134dFs3b-Q/rs:fit:512:512/Z3M6Ly9nZW5lcmF0/ZWQtcGhvdG9zL3Yz/XzAzMTczOTQuanBn.jpg
37,8,Will Webster,Will_Webster@yahoo.com,https://images.generated.photos/C8DuVZ0vc-boS-wn0PDg_HJ-bzqcdvNYYjin1PhnVhE/rs:fit:512:512/Z3M6Ly9nZW5lcmF0/ZWQtcGhvdG9zL3Yz/XzA4NjYwNjguanBn.jpg
41,10,Maurice Ashley,Maurice_Ashley@gmail.com,https://images.generated.photos/RDpR3jEBcbZKuFYkJJ16yG_X83Sh8PaFcBv9nmsHsm8/rs:fit:512:512/Z3M6Ly9nZW5lcmF0/ZWQtcGhvdG9zL3Yz/XzA1ODAwNDIuanBn.jpg
32,4,Arya Whittington,Arya_Whittington@hotmail.com,https://images.generated.photos/Jc-BMA6iMMEMyMEZI8Do1jTPNmLV1jThSKjtPsGJeE0/rs:fit:512:512/Z3M6Ly9nZW5lcmF0/ZWQtcGhvdG9zL3Yz/XzA2NzgwNjguanBn.jpg
36,6,Kendrick Mccarthy,Kendrick_Mccarthy@yahoo.com,https://images.generated.photos/Wbx2TxJPxQwjlYbEaDXsXnf-7OOZgzucLJ6kiSpTo0Q/rs:fit:512:512/Z3M6Ly9nZW5lcmF0/ZWQtcGhvdG9zL3Yz/XzA3NDY5NzIuanBn.jpg
40,4,Franklyn Mason,Franklyn_Mason@gmail.com,https://images.generated.photos/WCq50wZXlW6zISU_CXyukbcgd-AzZuI7KVOAQ-I3-RQ/rs:fit:512:512/Z3M6Ly9nZW5lcmF0/ZWQtcGhvdG9zL3Yz/XzA3NjcwMDguanBn.jpg
45,6,Sumaiyah Pearce,Sumaiyah_Pearce@hotmail.com,https://images.generated.photos/HX8O2GWIKfLCUaQL6M8a1xcXFHmLvn1JhJuu0DixjCo/rs:fit:512:512/Z3M6Ly9nZW5lcmF0/ZWQtcGhvdG9zL3Yz/XzA3NjgxNTcuanBn.jpg
44,6,Larissa Reed,Larissa_Reed@yahoo.com,https://images.generated.photos/n1auZYwqrW00Mr8vRTJJ0VZD-adXQ1PWYsnHCTNRRRE/rs:fit:512:512/Z3M6Ly9nZW5lcmF0/ZWQtcGhvdG9zL3Yz/XzAzNjk1OTAuanBn.jpg
49,8,Diego Timms,Diego_Timms@gmail.com,https://images.generated.photos/mUggfp1zfdrnBSjVh3pE1vWgutuCnApr4GF9lnjMvqk/rs:fit:512:512/Z3M6Ly9nZW5lcmF0/ZWQtcGhvdG9zL3Yz/XzA0MjkyNDkuanBn.jpg
45,10,Olive Storey,Olive_Storey@hotmail.com,https://images.generated.photos/Iqqx7oIgOWL7YTQvka1zZvY2oYy49tfwNwCFqtO9CII/rs:fit:512:512/Z3M6Ly9nZW5lcmF0/ZWQtcGhvdG9zL3Yz/XzA2OTU4MTQuanBn.jpg
41,8,Darcie-Mae Peterson,Darcie-Mae_Peterson@yahoo.com,https://images.generated.photos/eoPv3vBkI2pMXP4lrMmLlkMHZTTd1xs9FfZT0c8HEHE/rs:fit:512:512/Z3M6Ly9nZW5lcmF0/ZWQtcGhvdG9zL3Yz/XzA5MTE1MDkuanBn.jpg
51,10,Roxy Brock,Roxy_Brock@gmail.com,https://images.generated.photos/IP4waoh2gAn4bSQwopBxIJHYnHg_DurQdKfCjOwknk8/rs:fit:512:512/Z3M6Ly9nZW5lcmF0/ZWQtcGhvdG9zL3Yz/XzA0MjYyNzQuanBn.jpg
50,12,Joanna Daugherty,Joanna_Daugherty@hotmail.com,https://images.generated.photos/sR_ewnBAnYh-F1xe95Bj6mA6-qra-1iE0ch_HkNYLiw/rs:fit:512:512/Z3M6Ly9nZW5lcmF0/ZWQtcGhvdG9zL3Yz/XzA0OTU0MzEuanBn.jpg
42,8,Justine Shannon,Justine_Shannon@yahoo.com,https://images.generated.photos/ov2p2p6xFktigB-lS38BkgxVuesFY-f5rVsdTBJYNOQ/rs:fit:512:512/Z3M6Ly9nZW5lcmF0/ZWQtcGhvdG9zL3Yz/XzAxOTEzNzguanBn.jpg
53,8,Hania Brewer,Hania_Brewer@gmail.com,https://images.generated.photos/FQcGiMShZDskS2REKd64gq9FYvvgtgH_CRbh097jApI/rs:fit:512:512/Z3M6Ly9nZW5lcmF0/ZWQtcGhvdG9zL3Yz/XzA1OTgzMjIuanBn.jpg
52,14,Jaye Underwood,Jaye_Underwood@hotmail.com,https://images.generated.photos/ne_H-6erX2NYnXYdS02MuaAkT4uqNZYPO5CbJ73lBI8/rs:fit:512:512/Z3M6Ly9nZW5lcmF0/ZWQtcGhvdG9zL3Yz/XzA0MTM0NDguanBn.jpg
56,10,Aqsa Curtis,Aqsa_Curtis@yahoo.com,https://images.generated.photos/2AgLyVazt9b_PVeOe5A7rG4yjIpqqUWs2-VAOSE9X4Y/rs:fit:512:512/Z3M6Ly9nZW5lcmF0/ZWQtcGhvdG9zL3Yz/XzAyMTI1MjguanBn.jpg
41,6,Kenny Landry,Kenny_Landry@gmail.com,https://images.generated.photos/0zH67qieu727QjbQJu9o12JF7rN95cQP2Nj4WLMuiF4/rs:fit:512:512/Z3M6Ly9nZW5lcmF0/ZWQtcGhvdG9zL3Yz/XzA0MzUzNDkuanBn.jpg
57,14,Jordana Greer,Jordana_Greer@hotmail.com,https://images.generated.photos/Vf_uTDHN0SrGeaRb2QRpNXmEXjEktPI3inMS06w7gqk/rs:fit:512:512/Z3M6Ly9nZW5lcmF0/ZWQtcGhvdG9zL3Yz/XzA5NDQ2OTEuanBn.jpg
43,8,Jorgie Kramer,Jorgie_Kramer@yahoo.com,https://images.generated.photos/Kh5Mz9Co2kz6EvmfdrIWmMyI3y4802YImbCzgO8_IJE/rs:fit:512:512/Z3M6Ly9nZW5lcmF0/ZWQtcGhvdG9zL3Yz/XzA5NTIzMTEuanBn.jpg
50,14,Quinn Mccullough,Quinn_Mccullough@gmail.com,https://images.generated.photos/L27_UuVVpMbjJPN-Zzdta14I3ThFBYHPv_TVueZPU54/rs:fit:512:512/Z3M6Ly9nZW5lcmF0/ZWQtcGhvdG9zL3Yz/XzAwNzc0MjMuanBn.jpg
53,16,Ayva Connolly,Ayva_Connolly@hotmail.com,https://images.generated.photos/z9K1rdnxJaDIGGCGI-W5RqJdNlAfw1iOTvtClVnAO9s/rs:fit:512:512/Z3M6Ly9nZW5lcmF0/ZWQtcGhvdG9zL3Yz/XzA1NjI2ODkuanBn.jpg
42,6,Giles Good,Giles_Good@yahoo.com,https://images.generated.photos/xZ9AJoNvrr7TjKzPLz0z7cW29b1B0lonZKdzKBN7RJg/rs:fit:512:512/Z3M6Ly9nZW5lcmF0/ZWQtcGhvdG9zL3Yz/XzAxNDYwNjkuanBn.jpg
48,6,Kye Sullivan,Kye_Sullivan@gmail.com,https://images.generated.photos/3lkNMnN7WSFsAi58TJSPzgpLWOi6qHSLni-hXXS0_IU/rs:fit:512:512/Z3M6Ly9nZW5lcmF0/ZWQtcGhvdG9zL3Yz/XzA2Nzk0NzcuanBn.jpg
